{"cameraMode":{"drawMode":0,"name":"Shaded","section":"Shading Mode"},"sceneLighting":true,"audioPlay":false,"sceneViewState":{"showFog":false,"showMaterialUpdate":true,"showSkybox":true,"showFlares":true,"showImageEffects":true,"showParticleSystems":true},"in2DMode":false,"pivot":{"x":172.46658325195313,"y":15.336000442504883,"z":391.896484375},"rotation":{"x":0.0010552611202001572,"y":0.46232032775878909,"z":0.0005524971638806164,"w":-0.8867303133010864},"size":67.23873138427735,"orthographic":false}